First Name,Last Name,URL,Email Address,Company,Position,Connected On
Tigran,Sahradyan,https://www.linkedin.com/in/tigran-sahradyan,,SayNine,Off-Page SEO automation,17 Nov 2023
Armen,Avagyan,https://www.linkedin.com/in/avagyanarmen,,SayNine,Link Builder,15 Nov 2023
Lilit,Yeranyan,https://www.linkedin.com/in/lilityeranyan,,SayNine,SEO content writer,15 Nov 2023
Ruben,Bilbulyan,https://www.linkedin.com/in/rubekon,,SayNine,Sales Outreach Specialist,13 Nov 2023
Edgar,Khachikyan,https://www.linkedin.com/in/edgar-khachikyan-8b5826299,,Freelance,Back End Developer,10 Nov 2023
Levon,Gevorgyan,https://www.linkedin.com/in/levon-gevorgyan-90567b26,,Insightful,Senior Back-end Developer,04 Nov 2023
Marina,Sukiasyan,https://www.linkedin.com/in/marina-suqiasyan,,Acba bank OJSC,Technical Recruiter,02 Nov 2023
Georgi,Mamajanyan,https://www.linkedin.com/in/georgi-mamajanyan,,SayNine,Chief Executive Officer,31 Oct 2023
Gevorg,Kosyan,https://www.linkedin.com/in/gevorgkosyan,,European University of Armenia,University Lecturer,22 Oct 2023
Aram,Hakobyan,https://www.linkedin.com/in/aramhakobyan01,,SMARTSOFT LLC,Software Developer,19 Oct 2023
JÃ©ssica,Almeida,https://www.linkedin.com/in/j%C3%A9ssica-almeida-b292995b,,pe Careers,Talent Scout for German Tech Startup,18 Oct 2023
Tigran,Simonyan,https://www.linkedin.com/in/tigran-simonyan-contact,,Trazler,Software Engineer,18 Oct 2023
Grigor,Grigoryan,https://www.linkedin.com/in/grig-grig88,,Tinkoff ,Java Software Engineer,17 Oct 2023
Gegham,Gevorgyan,https://www.linkedin.com/in/gegham-gevorgyan-13838121b,,Viva-MTS,Software Engineer,11 Oct 2023
Ruben,Gevorgyan,https://www.linkedin.com/in/ruben-gevorgyan-0243101b3,,DEVINNOTECH,React Developer,11 Oct 2023
Artur,Muradyan,https://www.linkedin.com/in/artur-muradyan-51583b250,,Hirenet Armenia,Technical Recruiter,05 Oct 2023
Hovhannes,Shitikyan,https://www.linkedin.com/in/shitikyan,,Solicy,Founder & CEO,03 Oct 2023
,,,,,,03 Oct 2023
Georgi,Mikichyan,https://www.linkedin.com/in/gmikichyan,,QS LLC,Co-Founder & CEO,28 Sep 2023
Maksim,Kuzmin,https://www.linkedin.com/in/maksim-kuzmin-99058038,,Joom,Senior Recruiter,26 Sep 2023
Raz,Galstyan,https://www.linkedin.com/in/raz-galstyan,,Elite Dev Squad,Back End Team Lead,26 Sep 2023
Hayk,Hakobyan,https://www.linkedin.com/in/hayk-hakobyan-639805273,,Ar. Tobacco,Production Analyst,25 Sep 2023
Gurgen,Karapetyan,https://www.linkedin.com/in/gurgen-karapetyan-gamedev,,Dragons Lake,Unreal Engine Developer | Game Developer,25 Sep 2023
Meruj,Jeyranyan,https://www.linkedin.com/in/meruj-jeyranyan,,ActiveSpan,Full Stack Software Engineer,20 Sep 2023
Ashot,Poghosyan,https://www.linkedin.com/in/ashot-poghosyan,,ActiveSpan,Frontend Web Developer,20 Sep 2023
Richard,Barboj,https://www.linkedin.com/in/richardbarboj,,GLOBULA,Junior Programmer,20 Sep 2023
Vache,Danielyan,https://www.linkedin.com/in/vache-danielyan,,ActiveSpan,Junior Back End Developer,01 Sep 2023
Gegham,Jivanyan,https://www.linkedin.com/in/gegham-jivanyan-82a72859,,ActiveSpan,"Chief Executive Officer, Founder",17 Jul 2023
Kiril,Vardapetyan,https://www.linkedin.com/in/kiril-vardapetyan,,Qt Community Armenia,Co-Founder,03 Jul 2023
,,,,,,28 Jun 2023
Artur,Karapetyan,https://www.linkedin.com/in/arturkarapetian,,Zoomerang,Frontend Developer,15 Jun 2023
David,Pogosian,https://www.linkedin.com/in/david-pogosian-9654321b6,,,,20 Mar 2023
,,,,,,17 Feb 2023
